GROUP,PACKAGE,CLASS,INSTRUCTION_MISSED,INSTRUCTION_COVERED,BRANCH_MISSED,BRANCH_COVERED,LINE_MISSED,LINE_COVERED,COMPLEXITY_MISSED,COMPLEXITY_COVERED,METHOD_MISSED,METHOD_COVERED
Hospice PC Pricer API,com.cms.hospice.service,ValidationService,0,66,0,20,0,15,0,14,0,4
Hospice PC Pricer API,com.cms.hospice.service,DriverService,98,184,17,11,24,44,14,5,0,5
Hospice PC Pricer API,com.cms.hospice.service,FiscalYearRouter.FyEntry,0,12,0,0,0,1,0,1,0,1
Hospice PC Pricer API,com.cms.hospice.service,FiscalYearRouter,0,218,0,2,0,52,0,8,0,7
Hospice PC Pricer API,com.cms.hospice,HospicePricerApplication,5,3,0,0,2,1,1,1,1,1
Hospice PC Pricer API,com.cms.hospice.model,RhcSplitResult,9,32,0,4,1,3,1,5,1,3
Hospice PC Pricer API,com.cms.hospice.model,HospiceClaim,26,116,1,3,2,8,2,5,1,4
Hospice PC Pricer API,com.cms.hospice.model,WageIndexEntry,0,12,0,0,0,1,0,1,0,1
Hospice PC Pricer API,com.cms.hospice.model,RevenueLineItem,0,35,0,0,0,5,0,5,0,5
Hospice PC Pricer API,com.cms.hospice.model,FiscalYearRates,0,191,10,30,0,11,10,21,0,11
Hospice PC Pricer API,com.cms.hospice.model,ProviderData,0,24,0,0,0,1,0,1,0,1
Hospice PC Pricer API,com.cms.hospice.model,PricingResult,5,66,0,2,1,6,1,3,1,2
Hospice PC Pricer API,com.cms.hospice.model,SiaResult,0,33,0,2,0,5,0,3,0,2
Hospice PC Pricer API,com.cms.hospice.model,ReturnCode,39,105,6,0,8,17,6,3,3,3
Hospice PC Pricer API,com.cms.hospice.config,RateProvider,68,456,21,31,13,62,19,16,0,9
Hospice PC Pricer API,com.cms.hospice.pricing,RhcSplitCalculator,0,112,0,6,0,25,0,5,0,2
Hospice PC Pricer API,com.cms.hospice.pricing,PaymentCalculator,0,104,0,2,0,20,0,7,0,6
Hospice PC Pricer API,com.cms.hospice.pricing,ModernPricerStrategy,19,169,15,25,4,36,15,9,0,4
Hospice PC Pricer API,com.cms.hospice.pricing,FullPricerStrategy,17,287,16,50,5,70,16,21,0,4
Hospice PC Pricer API,com.cms.hospice.pricing,SiaCalculator,0,103,0,12,0,26,0,8,0,2
Hospice PC Pricer API,com.cms.hospice.pricing,TransitionPricerStrategy,39,136,20,20,7,32,16,8,0,4
Hospice PC Pricer API,com.cms.hospice.pricing,SimplePricerStrategy,16,157,15,29,3,34,13,13,0,4
Hospice PC Pricer API,com.cms.hospice.api,PricingResponse,1,69,1,1,0,15,1,2,0,2
Hospice PC Pricer API,com.cms.hospice.api,PricingRequest.LineItemRequest,0,15,0,0,0,1,0,1,0,1
Hospice PC Pricer API,com.cms.hospice.api,PricingRequest,0,36,0,0,0,1,0,1,0,1
Hospice PC Pricer API,com.cms.hospice.api,HospicePricerController.ErrorResponse,0,9,0,0,0,1,0,1,0,1
Hospice PC Pricer API,com.cms.hospice.api,HospicePricerController,50,191,12,17,12,46,14,10,2,6
Hospice PC Pricer API,com.cms.hospice.data,ReferenceDataLoader,0,82,0,0,0,18,0,3,0,3
Hospice PC Pricer API,com.cms.hospice.data,ProviderRepository,7,95,3,7,2,19,4,8,1,6
Hospice PC Pricer API,com.cms.hospice.data,ProviderFileParser,17,143,6,16,5,32,5,11,0,5
Hospice PC Pricer API,com.cms.hospice.data,CbsaFileParser,10,121,3,11,3,26,3,8,0,4
Hospice PC Pricer API,com.cms.hospice.data,MsaFileParser,11,88,5,7,4,19,5,4,0,3
Hospice PC Pricer API,com.cms.hospice.data,WageIndexRepository,66,169,15,13,17,32,14,14,4,10
